"wavenumber","intensity"
674.9918,-0.1808569
678.8489,-0.1644794
682.706,-0.1644794
686.5631,-0.1558635
690.4202,-0.1499681
694.2773,-0.1504463
698.1344,-0.1498199
701.9915,-0.1514297
705.8486,-0.1530623
709.7057,-0.1516691
713.5628,-0.1506406
717.4199,-0.1559514
721.277,-0.1600473
725.1341,-0.1593072
728.9911,-0.1568058
732.8483,-0.1627246
736.7054,-0.1736348
740.5624,-0.1855177
744.4196,-0.1965738
748.2767,-0.2042164
752.1337,-0.2084719
755.9908,-0.2142386
759.848,-0.2198115
763.705,-0.2250493
767.5621,-0.2306844
771.4193,-0.2364865
775.2763,-0.2410923
779.1334,-0.2455306
782.9905,-0.2505386
786.8476,-0.2552901
790.7047,-0.2576227
794.5618,-0.2584952
798.4189,-0.2626829
802.276,-0.2714785
806.1331,-0.281122
809.9902,-0.2897638
813.8473,-0.2966911
817.7043,-0.3029416
821.5615,-0.3081118
825.4186,-0.3096443
829.2756,-0.3116383
833.1328,-0.3134442
836.9899,-0.3136119
840.8469,-0.3143297
844.704,-0.3163399
848.5612,-0.3188545
852.4182,-0.3235001
856.2753,-0.3276798
860.1324,-0.3290107
863.9895,-0.3293117
867.8466,-0.3292767
871.7037,-0.3260694
875.5608,-0.3222926
879.4179,-0.3208674
883.275,-0.3193579
887.1321,-0.3163317
890.9892,-0.3136409
894.8463,-0.3093633
898.7034,-0.3006557
902.5605,-0.2880195
906.4176,-0.277603
910.2747,-0.275141
914.1318,-0.2741727
917.9889,-0.2687232
921.8459,-0.2593991
925.7031,-0.2433719
929.5602,-0.2177841
933.4172,-0.1952562
937.2744,-0.1982738
941.1315,-0.2261754
944.9885,-0.2585168
948.8456,-0.2809136
952.7028,-0.2941056
956.5598,-0.3037935
960.4169,-0.3102591
964.274,-0.3130509
968.1311,-0.3135325
971.9882,-0.3134923
975.8453,-0.3112896
979.7024,-0.304197
983.5595,-0.2951666
987.4166,-0.2873152
991.2737,-0.2820533
995.1308,-0.2769772
998.9879,-0.2712672
1002.845,-0.2658805
1006.702,-0.261708
1010.559,-0.2582196
1014.416,-0.2566431
1018.273,-0.2571787
1022.13,-0.2570322
1025.988,-0.2539977
1029.845,-0.2495164
1033.702,-0.2444943
1037.559,-0.2399544
1041.416,-0.2383617
1045.273,-0.2418259
1049.13,-0.2472008
1052.987,-0.2518281
1056.844,-0.2564242
1060.701,-0.259693
1064.559,-0.2614822
1068.416,-0.2659779
1072.273,-0.2724619
1076.13,-0.277211
1079.987,-0.2790821
1083.844,-0.2782551
1087.701,-0.2750875
1091.558,-0.273091
1095.415,-0.273629
1099.272,-0.2744254
1103.13,-0.2754398
1106.987,-0.2755696
1110.844,-0.2751389
1114.701,-0.2748418
1118.558,-0.2723532
1122.415,-0.2686787
1126.272,-0.2645867
1130.129,-0.2557922
1133.986,-0.2419593
1137.843,-0.2290165
1141.7,-0.2229347
1145.558,-0.2232424
1149.415,-0.2276126
1153.272,-0.2360774
1157.129,-0.2461987
1160.986,-0.2511881
1164.843,-0.2487163
1168.7,-0.2420522
1172.557,-0.2311962
1176.414,-0.2170866
1180.271,-0.2084648
1184.129,-0.2086278
1187.986,-0.2094215
1191.843,-0.2033146
1195.7,-0.1941729
1199.557,-0.1912848
1203.414,-0.1966386
1207.271,-0.2069877
1211.128,-0.2164339
1214.985,-0.2218052
1218.842,-0.2211507
1222.699,-0.2162842
1226.557,-0.2136111
1230.414,-0.212752
1234.271,-0.2111357
1238.128,-0.2098222
1241.985,-0.2084785
1245.842,-0.2063026
1249.699,-0.2044293
1253.556,-0.202978
1257.413,-0.2010332
1261.271,-0.1981162
1265.128,-0.1950166
1268.985,-0.1933535
1272.842,-0.1931366
1276.699,-0.1940873
1280.556,-0.1969237
1284.413,-0.2003364
1288.27,-0.2044038
1292.127,-0.2083658
1295.984,-0.211282
1299.841,-0.2136403
1303.698,-0.2150517
1307.556,-0.2175545
1311.413,-0.2212148
1315.27,-0.2245345
1319.127,-0.2257164
1322.984,-0.2245108
1326.841,-0.2227696
1330.698,-0.2227811
1334.555,-0.2241488
1338.412,-0.2237608
1342.27,-0.2213157
1346.127,-0.2196795
1349.984,-0.2174277
1353.841,-0.2140888
1357.698,-0.2107659
1361.555,-0.2089369
1365.412,-0.2070834
1369.269,-0.2060031
1373.126,-0.2082057
1376.983,-0.2116337
1380.84,-0.2135121
1384.698,-0.2152558
1388.555,-0.2181614
1392.412,-0.2225352
1396.269,-0.2283885
1400.126,-0.2320319
1403.983,-0.2315817
1407.84,-0.2268023
1411.697,-0.2189526
1415.554,-0.2133678
1419.411,-0.2136342
1423.269,-0.2166812
1427.125,-0.2184612
1430.983,-0.21883
1434.84,-0.2175463
1438.697,-0.2175631
1442.554,-0.2193045
1446.411,-0.2195619
1450.268,-0.2188621
1454.125,-0.21802
1457.982,-0.2160252
1461.839,-0.2131423
1465.697,-0.2122837
1469.554,-0.2129726
1473.411,-0.2138018
1477.268,-0.2167722
1481.125,-0.2219485
1484.982,-0.2280608
1488.839,-0.2325725
1492.696,-0.2316617
1496.553,-0.2282549
1500.41,-0.2254639
1504.268,-0.2229163
1508.125,-0.218304
1511.982,-0.2135897
1515.839,-0.2124425
1519.696,-0.2116159
1523.553,-0.2086315
1527.41,-0.2049812
1531.267,-0.2049342
1535.124,-0.2066544
1538.981,-0.210914
1542.838,-0.2158035
1546.696,-0.2161009
1550.553,-0.2164409
1554.41,-0.2169771
1558.267,-0.2187739
1562.124,-0.219106
1565.981,-0.2206404
1569.838,-0.2221865
1573.695,-0.2247287
1577.552,-0.2285426
1581.409,-0.232022
1585.267,-0.2347249
1589.124,-0.2366281
1592.981,-0.2378663
1596.838,-0.2369846
1600.695,-0.2336277
1604.552,-0.2290988
1608.409,-0.2250021
1612.266,-0.2217554
1616.123,-0.2186923
1619.98,-0.2164796
1623.837,-0.2158146
1627.695,-0.2145689
1631.552,-0.2147397
1635.409,-0.2178718
1639.266,-0.2214648
1643.123,-0.2237622
1646.98,-0.2283087
1650.837,-0.2316803
1654.694,-0.2332081
1658.551,-0.2351659
1662.408,-0.2367795
1666.266,-0.2383721
1670.123,-0.2423313
1673.98,-0.2488066
1677.837,-0.2594551
1681.694,-0.2765166
1685.551,-0.3080067
1689.408,-0.3328997
1693.265,-0.3498416
1697.122,-0.3646386
1700.979,-0.3782407
1704.837,-0.3855674
1708.694,-0.39109
1712.551,-0.3938476
1716.408,-0.3978083
1720.265,-0.4016053
1724.122,-0.404848
1727.979,-0.4065413
1731.836,-0.4065963
1735.693,-0.4059936
1739.55,-0.4093206
1743.407,-0.415015
1747.265,-0.4230447
1751.122,-0.4307081
1754.979,-0.4364273
1758.836,-0.4411001
1762.693,-0.4468354
1766.55,-0.4517467
1770.407,-0.4562644
1774.264,-0.4592037
1778.121,-0.4611698
1781.978,-0.4625897
1785.836,-0.4640063
1789.693,-0.4647067
1793.55,-0.4661398
1797.407,-0.4682406
1801.264,-0.4689739
1805.121,-0.4686452
1808.978,-0.4694561
1812.835,-0.470556
1816.692,-0.4707543
1820.549,-0.4706169
1824.406,-0.4710421
1828.264,-0.4716619
1832.121,-0.4717475
1835.978,-0.4714447
1839.835,-0.4716927
1843.692,-0.4720426
1847.549,-0.4721588
1851.406,-0.4721254
1855.263,-0.4722838
1859.12,-0.472459
1862.977,-0.4727457
1866.835,-0.4720945
1870.692,-0.4708105
1874.549,-0.470491
1878.406,-0.4704126
1882.263,-0.4700629
1886.12,-0.470264
1889.977,-0.4704311
1893.834,-0.4707834
1897.691,-0.471391
1901.548,-0.4717268
1905.406,-0.4725443
1909.263,-0.4736719
1913.12,-0.4743272
1916.977,-0.4742949
1920.834,-0.4742093
1924.691,-0.4739212
1928.548,-0.4735942
1932.405,-0.4739262
1936.262,-0.4735987
1940.119,-0.4735593
1943.976,-0.4732809
1947.834,-0.4725323
1951.691,-0.4719402
1955.548,-0.4717259
1959.405,-0.471445
1963.262,-0.4714531
1967.119,-0.4716954
1970.976,-0.4713256
1974.833,-0.4710511
1978.69,-0.4715053
1982.547,-0.4720694
1986.405,-0.4723296
1990.262,-0.4720673
1994.119,-0.4718807
1997.976,-0.4713579
2001.833,-0.4706794
2005.69,-0.4707082
2009.547,-0.4711423
2013.404,-0.4717617
2017.261,-0.4718186
2021.118,-0.4709632
2024.975,-0.4699589
2028.833,-0.4695573
2032.69,-0.4695613
2036.547,-0.4691376
2040.404,-0.4684829
2044.261,-0.4684792
2048.118,-0.4687353
2051.975,-0.4686986
2055.832,-0.4683539
2059.689,-0.4688967
2063.546,-0.4703926
2067.404,-0.4705068
2071.261,-0.469238
2075.118,-0.4685969
2078.975,-0.468604
2082.832,-0.4683062
2086.689,-0.4677143
2090.546,-0.4673964
2094.403,-0.4674939
2098.26,-0.4675342
2102.117,-0.4680433
2105.975,-0.468679
2109.832,-0.4687318
2113.689,-0.4689966
2117.546,-0.469349
2121.403,-0.4691275
2125.26,-0.469267
2129.117,-0.4692607
2132.974,-0.4681108
2136.831,-0.4678153
2140.688,-0.4681897
2144.545,-0.4675914
2148.403,-0.4669186
2152.26,-0.4668951
2156.117,-0.4662832
2159.974,-0.4663993
2163.831,-0.4677619
2167.688,-0.4684177
2171.545,-0.4685701
2175.402,-0.4687521
2179.259,-0.468495
2183.116,-0.4683472
2186.974,-0.468152
2190.831,-0.4684222
2194.688,-0.4689327
2198.545,-0.468514
2202.402,-0.4687637
2206.259,-0.4703534
2210.116,-0.4711321
2213.973,-0.4709634
2217.83,-0.4701481
2221.688,-0.4699377
2225.544,-0.4703628
2229.402,-0.4707745
2233.259,-0.4712442
2237.116,-0.4714485
2240.973,-0.471553
2244.83,-0.4716893
2248.687,-0.4723697
2252.544,-0.4726214
2256.401,-0.4726303
2260.258,-0.4727637
2264.115,-0.4724793
2267.973,-0.4729481
2271.83,-0.4731912
2275.687,-0.4732299
2279.544,-0.4738243
2283.401,-0.4738346
2287.258,-0.4728981
2291.115,-0.4726698
2294.972,-0.4729431
2298.829,-0.4725642
2302.687,-0.4722492
2306.543,-0.4727143
2310.401,-0.4726623
2314.258,-0.4735433
2318.115,-0.4740451
2321.972,-0.4726476
2325.829,-0.4717606
2329.686,-0.4731995
2333.543,-0.473861
2337.4,-0.4737729
2341.257,-0.4738119
2345.115,-0.4741791
2348.972,-0.473798
2352.829,-0.4736824
2356.686,-0.4733041
2360.543,-0.4730467
2364.4,-0.473149
2368.257,-0.4727868
2372.114,-0.4716995
2375.971,-0.4722047
2379.828,-0.4726565
2383.686,-0.4720995
2387.542,-0.4723349
2391.4,-0.4728686
2395.257,-0.4737695
2399.114,-0.4742035
2402.971,-0.474097
2406.828,-0.4746329
2410.685,-0.4743875
2414.542,-0.4737587
2418.399,-0.4737867
2422.256,-0.4740017
2426.114,-0.4737225
2429.971,-0.4739224
2433.828,-0.4737644
2437.685,-0.4731134
2441.542,-0.4732226
2445.399,-0.4730062
2449.256,-0.4724246
2453.113,-0.472107
2456.97,-0.4710628
2460.827,-0.4701642
2464.685,-0.4695195
2468.542,-0.4683406
2472.399,-0.4667169
2476.256,-0.4660853
2480.113,-0.4657722
2483.97,-0.4656886
2487.827,-0.4658738
2491.684,-0.4665152
2495.541,-0.4674903
2499.398,-0.4679055
2503.255,-0.4675256
2507.113,-0.4670247
2510.97,-0.4662477
2514.827,-0.4663371
2518.684,-0.466834
2522.541,-0.466056
2526.398,-0.4648158
2530.255,-0.4640359
2534.112,-0.4632333
2537.969,-0.4622434
2541.826,-0.4618776
2545.684,-0.4615283
2549.541,-0.4606028
2553.398,-0.4609291
2557.255,-0.4606701
2561.112,-0.459332
2564.969,-0.4580028
2568.826,-0.4566033
2572.683,-0.4547855
2576.54,-0.4528517
2580.397,-0.4513365
2584.254,-0.4494911
2588.112,-0.4481625
2591.969,-0.4479048
2595.826,-0.4481277
2599.683,-0.4488172
2603.54,-0.4496395
2607.397,-0.4507132
2611.254,-0.4518408
2615.111,-0.4527912
2618.968,-0.4535044
2622.825,-0.4538818
2626.683,-0.4537828
2630.54,-0.4536099
2634.397,-0.4535578
2638.254,-0.4538033
2642.111,-0.4530608
2645.968,-0.4513976
2649.825,-0.4496185
2653.682,-0.4474654
2657.539,-0.4461533
2661.396,-0.4458932
2665.253,-0.4458145
2669.111,-0.4445874
2672.968,-0.4425012
2676.825,-0.4405399
2680.682,-0.4392206
2684.539,-0.4385043
2688.396,-0.4382248
2692.253,-0.4380829
2696.11,-0.4376335
2699.967,-0.437016
2703.824,-0.4363061
2707.682,-0.435692
2711.539,-0.4348326
2715.396,-0.4340209
2719.253,-0.4328901
2723.11,-0.4298913
2726.967,-0.4260326
2730.824,-0.4223875
2734.681,-0.4184811
2738.538,-0.4151182
2742.396,-0.4131089
2746.252,-0.4121489
2750.109,-0.4122938
2753.967,-0.4115918
2757.824,-0.4097838
2761.681,-0.4085678
2765.538,-0.4071133
2769.395,-0.4050646
2773.252,-0.404106
2777.109,-0.4035968
2780.966,-0.4032111
2784.823,-0.4023171
2788.681,-0.3989189
2792.538,-0.3952314
2796.395,-0.3918312
2800.252,-0.3885099
2804.109,-0.3851294
2807.966,-0.3818973
2811.823,-0.3782467
2815.68,-0.3728769
2819.537,-0.3669805
2823.395,-0.3618934
2827.251,-0.3582146
2831.108,-0.355237
2834.966,-0.3499956
2838.823,-0.3399512
2842.68,-0.3267017
2846.537,-0.3128506
2850.394,-0.302303
2854.251,-0.2963368
2858.108,-0.2938499
2861.965,-0.2943412
2865.822,-0.2953083
2869.68,-0.2959939
2873.537,-0.2961828
2877.394,-0.2972099
2881.251,-0.3006962
2885.108,-0.3055639
2888.965,-0.3082533
2892.822,-0.3078212
2896.679,-0.3055025
2900.536,-0.3023894
2904.394,-0.3001584
2908.25,-0.2984882
2912.107,-0.296615
2915.965,-0.2953155
2919.822,-0.2944153
2923.679,-0.2937375
2927.536,-0.2940624
2931.393,-0.294149
2935.25,-0.2945691
2939.107,-0.2954176
2942.964,-0.2966864
2946.821,-0.298293
2950.679,-0.3003182
2954.536,-0.3030857
2958.393,-0.3056268
2962.25,-0.3088315
2966.107,-0.3141629
2969.964,-0.3218476
2973.821,-0.3333146
2977.678,-0.3453729
2981.535,-0.356243
2985.393,-0.3670262
2989.25,-0.3769871
2993.106,-0.3846344
2996.964,-0.3889551
3000.821,-0.3907
3004.678,-0.3912804
3008.535,-0.3915177
3012.392,-0.3909699
3016.249,-0.3900008
3020.106,-0.388027
3023.963,-0.3847127
3027.82,-0.3809852
3031.678,-0.3765001
3035.535,-0.3702567
3039.392,-0.3623483
3043.249,-0.3547058
3047.106,-0.3469752
3050.963,-0.3396119
3054.82,-0.3342107
3058.677,-0.3307397
3062.534,-0.3283322
3066.392,-0.3265032
3070.249,-0.3248369
3074.105,-0.3248141
3077.963,-0.3261466
3081.82,-0.3271284
3085.677,-0.3281387
3089.534,-0.3297861
3093.391,-0.3329931
3097.248,-0.3367583
3101.105,-0.3397178
3104.962,-0.3441341
3108.819,-0.349482
3112.677,-0.3533137
3116.534,-0.3562602
3120.391,-0.3602661
3124.248,-0.3634032
3128.105,-0.3654729
3131.962,-0.3671599
3135.819,-0.3677256
3139.676,-0.368135
3143.533,-0.3694257
3147.391,-0.3683936
3151.248,-0.3667525
3155.104,-0.3650853
3158.962,-0.3612828
3162.819,-0.357031
3166.676,-0.3536087
3170.533,-0.3491442
3174.39,-0.3446517
3178.247,-0.3414818
3182.104,-0.3395022
3185.961,-0.3379897
3189.818,-0.3361119
3193.676,-0.3331925
3197.533,-0.3306313
3201.39,-0.3293658
3205.247,-0.3287555
3209.104,-0.3285945
3212.961,-0.3282794
3216.818,-0.3271291
3220.675,-0.3246476
3224.532,-0.3220121
3228.39,-0.3204551
3232.247,-0.3187457
3236.104,-0.3171838
3239.961,-0.3156275
3243.818,-0.3134967
3247.675,-0.3110238
3251.532,-0.3098319
3255.389,-0.3096766
3259.246,-0.3096139
3263.104,-0.3088565
3266.96,-0.3082329
3270.817,-0.3075009
3274.675,-0.3071682
3278.532,-0.3066232
3282.389,-0.3057208
3286.246,-0.305374
3290.103,-0.3045293
3293.96,-0.3041767
3297.817,-0.3045178
3301.674,-0.3042998
3305.531,-0.3047887
3309.389,-0.3058839
3313.246,-0.3069569
3317.103,-0.3074487
3320.96,-0.3077596
3324.817,-0.3081475
3328.674,-0.3097005
3332.531,-0.3122145
3336.388,-0.3140396
3340.245,-0.3157254
3344.103,-0.3189698
3347.959,-0.321097
3351.816,-0.3224047
3355.674,-0.3251912
3359.531,-0.3288468
3363.388,-0.3331134
3367.245,-0.3361682
3371.102,-0.3384925
3374.959,-0.3419901
3378.816,-0.3457065
3382.673,-0.3498792
3386.53,-0.3544592
3390.388,-0.357468
3394.245,-0.3596466
3398.102,-0.3629395
3401.959,-0.3660291
3405.816,-0.3675259
3409.673,-0.3690744
3413.53,-0.3720882
3417.387,-0.374791
3421.244,-0.3760307
3425.102,-0.3772188
3428.958,-0.3780115
3432.815,-0.3791276
3436.673,-0.3801566
3440.53,-0.3811067
3444.387,-0.3817557
3448.244,-0.3822905
3452.101,-0.383555
3455.958,-0.3844303
3459.815,-0.3847649
3463.672,-0.3859728
3467.529,-0.3879308
3471.387,-0.3890621
3475.244,-0.3905518
3479.101,-0.3906979
3482.958,-0.3907066
3486.815,-0.39185
3490.672,-0.3931443
3494.529,-0.3939532
3498.386,-0.3945144
3502.243,-0.3962384
3506.101,-0.398402
3509.958,-0.4005094
3513.814,-0.4033203
3517.672,-0.4062476
3521.529,-0.4076615
3525.386,-0.4091437
3529.243,-0.4118282
3533.1,-0.4143282
3536.957,-0.4165512
3540.814,-0.4195264
3544.671,-0.4239754
3548.528,-0.4282409
3552.386,-0.4313155
3556.243,-0.4333156
3560.1,-0.4353915
3563.957,-0.4392464
3567.814,-0.4439451
3571.671,-0.4470578
3575.528,-0.449526
3579.385,-0.4509327
3583.242,-0.452716
3587.1,-0.4554637
3590.957,-0.4588916
3594.813,-0.4614996
3598.671,-0.4632585
3602.528,-0.4646008
3606.385,-0.4656706
3610.242,-0.4682201
3614.099,-0.4710818
3617.956,-0.4693565
3621.813,-0.468484
3625.67,-0.4721164
3629.527,-0.4749521
3633.385,-0.4773115
3637.242,-0.479328
3641.099,-0.4801447
3644.956,-0.4824032
3648.813,-0.4843823
3652.67,-0.4868039
3656.527,-0.4905617
3660.384,-0.492102
3664.241,-0.4909785
3668.099,-0.4909388
3671.956,-0.4933241
3675.813,-0.4953468
3679.67,-0.4976854
3683.527,-0.5014817
3687.384,-0.5035107
3691.241,-0.5035695
3695.098,-0.5040781
3698.955,-0.5053695
3702.813,-0.5069238
3706.669,-0.5095065
3710.526,-0.5127572
3714.384,-0.5152173
3718.241,-0.5169725
3722.098,-0.5182699
3725.955,-0.5196463
3729.812,-0.5204981
3733.669,-0.5205157
3737.526,-0.5220882
3741.383,-0.5239232
3745.24,-0.5228676
3749.098,-0.5198098
3752.955,-0.5191419
3756.812,-0.5194758
3760.669,-0.5201978
3764.526,-0.5212698
3768.383,-0.521302
3772.24,-0.5199503
3776.097,-0.5194979
3779.954,-0.5201976
3783.812,-0.5206254
3787.668,-0.5202922
3791.525,-0.5201238
3795.383,-0.5193145
3799.24,-0.5189363
3803.097,-0.5208047
3806.954,-0.5224401
3810.811,-0.5217077
3814.668,-0.5206943
3818.525,-0.5207829
3822.382,-0.5190601
3826.239,-0.5179367
3830.097,-0.5172046
3833.954,-0.5165599
3837.811,-0.5174769
3841.668,-0.5192574
3845.525,-0.5188805
3849.382,-0.5188596
3853.239,-0.5189861
3857.096,-0.518394
3860.953,-0.5200136
3864.811,-0.5227363
3868.667,-0.5231813
3872.524,-0.5219764
3876.382,-0.5208117
3880.239,-0.5203555
3884.096,-0.5197722
3887.953,-0.517513
3891.81,-0.5159511
3895.667,-0.5165313
3899.524,-0.5172628
3903.381,-0.5176201
3907.238,-0.51915
3911.096,-0.5200655
3914.953,-0.5186779
3918.81,-0.5190088
3922.667,-0.5199286
3926.524,-0.5183038
3930.381,-0.518181
3934.238,-0.5183992
3938.095,-0.5170354
3941.952,-0.5160224
3945.81,-0.5153767
3949.667,-0.5161253
3953.523,-0.5166901
3957.381,-0.515541
3961.238,-0.5138128
3965.095,-0.5138183
3968.952,-0.5138576
3972.809,-0.5132568
3976.666,-0.5123018
3980.523,-0.5114391
3984.38,-0.5105835
3988.237,-0.5090481
3992.095,-0.5078986
3995.952,-0.506945
3999.809,-0.5069669
